Wild Mushroom and Spinach Lasanga,0.15113781655796357
Avocado Chicken Melt,0.1379693190347907
Minestrone Soup,0.12844244597847712
Tortilla Soup,0.12844244597847712
In a Hurry Chicken Curry,0.12844244597847712
Creamy Zucchini Mushroom Soup,0.12340351046845909
Mexican Meatball Soup,0.12340351046845909
Banana Cream Pie,0.11265147726483325
Garden Vegetable Pasta,0.11265147726483325
Baked Zucchini with Mushrooms,0.11265147726483325
Spinach Strudels,0.11265147726483325
Summer Squash,0.11265147726483324
 Ginger Snaps,0.10687057498186447
Chicken Noodle Soup,0.10687057498186447
Cleo's Clam Chowder,0.10687057498186447
Hungry Bear Vegetable Soup,0.10687057498186447
Chicken with Artichoke,0.10687057498186447
Coq au Vin,0.10687057498186447
Bit O' Zucchini Bites,0.10687057498186447
Eggplant Rollatini,0.10687057498186447
Impossible Taco Pie,0.10687057498186447
Ranch-style Baked Beans,0.10687057498186447
Batter Fried Chicken,0.10687057498186446
Broccoli Curry Salad,0.10075854437197568
Albert's Chicken,0.10075854437197568
Jack Zucchini Chicken,0.10075854437197568
Sweet and Sour Red Cabbage,0.10075854437197568
The Spinach,0.10075854437197568
Fresh Peach Dessert,0.10075854437197568
Crazy Cake,0.09425098795749817
Pineapple Graham Bars,0.09425098795749817
Green Bean Salad,0.09425098795749817
Summer Fruit Salad,0.09425098795749817
Bake Trout,0.09425098795749817
Veal Scallopini,0.09425098795749817
Chicken Breasts Florentine,0.09425098795749817
Oven Fried Chicken,0.09425098795749817
Cheesy Spinach Bake,0.09425098795749817
Mushrooms in Sour Cream,0.09425098795749817
Spinach Souffle,0.09425098795749817
Three Cheese Spinach,0.09425098795749817
Broccoli and Rice Casserole,0.09425098795749817
Deep Dish Pizza,0.09425098795749817
Sour Cream Enchiladas,0.09425098795749817
Tulelake Potato Casserole,0.09425098795749817
Lemon Poppy Cake,0.08725945907447254
Sherry Wine Cake,0.08725945907447254
Bourbon Balls,0.08725945907447254
Blue Cheese Dressing,0.08725945907447254
Heavenly Cheese Salad,0.08725945907447254
Pea Salad,0.08725945907447254
Hot Crab Dip,0.08725945907447254
Turkey Tenderloin Supreme,0.08725945907447254
Green Beans Salerno,0.08725945907447254
Chinese Noodle Casserole,0.08725945907447254
Christmas Logs,0.07965662348464578
Cranberry Mold,0.07965662348464578
Five Cup Salad,0.07965662348464578
Lemon Cloud Salad,0.07965662348464578
Creamy Chicken Broccoli with Rice,0.07965662348464578
Glazed Carrots,0.07965662348464578
Orange Sweet Potatoes,0.07965662348464578
Easy Pasta Bake,0.07965662348464578
Topping:,0.07124704998790965
Orange Angel Food Cake,0.07124704998790965
Pineapple Cake,0.07124704998790965
Frosting,0.07124704998790965
Elephant Stew,0.07124704998790965
Cheese Fondue,0.07124704998790965
Saute Zucchini,0.07124704998790965
Crust,0.05037927218598784
Baby Back Ribs,0.05037927218598784
Hungry Bear Cheese Cake,0.035623524993954825
Pumpkin Swirl Cheesecake,0.0
